epoch,learning_rate,loss,val_cer,val_loss,val_wer
0,0.0010000000474974513,137.62649536132812,0.8850596567951704,139.0872802734375,0.9995505617977528
1,0.0010000000474974513,80.59062194824219,0.3891239245139516,56.013057708740234,0.7937078651685393
2,0.0010000000474974513,44.66185760498047,0.19441935637210628,29.873483657836914,0.5543820224719102
3,0.0010000000474974513,33.25996780395508,0.15491752626325048,23.60384750366211,0.4784269662921348
4,0.0010000000474974513,27.558837890625,0.12936730522412893,19.932348251342773,0.4147191011235955
5,0.0010000000474974513,24.30829429626465,0.11104244901839616,17.119873046875,0.36258426966292134
6,0.0010000000474974513,21.51473045349121,0.11432238437039502,17.67232894897461,0.3687640449438202
7,0.0010000000474974513,19.773622512817383,0.10303275181822504,15.712972640991211,0.3432584269662921
8,0.0010000000474974513,18.36229133605957,0.09887341350953083,15.077733993530273,0.3304494382022472
9,0.0010000000474974513,17.12575340270996,0.10952131957978799,16.749771118164062,0.34629213483146065
10,0.0010000000474974513,16.098299026489258,0.08558729856918762,13.435996055603027,0.2957303370786517
11,0.0010000000474974513,15.446619987487793,0.08416123972049247,13.579205513000488,0.28786516853932587
12,0.0010000000474974513,14.441468238830566,0.08922374863336027,14.190454483032227,0.3024719101123596
13,0.0010000000474974513,13.821518898010254,0.07883728668536388,12.503985404968262,0.2779775280898876
14,0.0010000000474974513,13.15412712097168,0.07917003375005942,12.769408226013184,0.2791011235955056
15,0.0010000000474974513,12.55548095703125,0.07346579835527879,12.067134857177734,0.26033707865168537
16,0.0010000000474974513,12.126879692077637,0.07346579835527879,11.901620864868164,0.2597752808988764
17,0.0010000000474974513,11.5839262008667,0.07242002186623568,11.810757637023926,0.25325842696629214
18,0.0010000000474974513,11.024718284606934,0.07106526595997528,11.421860694885254,0.2512359550561798
19,0.0010000000474974513,10.77773666381836,0.07078005419023625,11.541342735290527,0.2503370786516854
